LR,batch_size,gamma,runtime
0.1,64,0.95,41400
0.01,64,0.95,41400
0.001,64,0.95,41400
0.0001,64,0.95,41400
0.00001,64,0.95,41400
0.000001,64,0.95,41400
0.1,128,0.95,41400
0.01,128,0.95,41400
0.001,128,0.95,41400
0.0001,128,0.95,41400
0.00001,128,0.95,41400
0.000001,128,0.95,41400
