LR,batch_size,gamma,runtime
0.001,64,0.99,21600
0.0001,64,0.99,21600
0.00001,64,0.99,21600
0.000001,64,0.99,21600
0.001,16,0.99,21600
0.0001,16,0.99,21600
0.00001,16,0.99,21600
0.000001,16,0.99,21600
0.001,1,0.99,21600
0.0001,1,0.99,21600
0.00001,1,0.99,21600
0.000001,1,0.99,21600
