LR,batch_size,gamma,runtime
0.0001,64,0.8,18000
0.00001,64,0.8,18000
0.0001,64,0.9,18000
0.00001,64,0.9,18000
0.0001,64,0.95,18000
0.00001,64,0.95,18000
0.0001,64,0.7,18000
0.00001,64,0.7,18000
