LR,batch_size,gamma,runtime
0.1,64,0.95,30600
0.01,64,0.95,30600
0.001,64,0.95,30600
0.0001,64,0.95,30600
0.00001,64,0.95,30600
0.000001,64,0.95,30600
0.1,64,0.99,30600
0.01,64,0.99,30600
0.001,64,0.99,30600
0.0001,64,0.99,30600
0.00001,64,0.99,30600
0.000001,64,0.99,30600
