LR,batch_size,gamma,runtime
0.001,64,0.95,41400
0.0001,64,0.95,41400
0.00001,64,0.95,41400
0.001,16,0.95,41400
0.0001,16,0.95,41400
0.00001,16,0.95,41400
0.001,128,0.95,41400
0.0001,128,0.95,41400
0.00001,128,0.95,41400
