LR,gamma,runtime,trialv
0.00011,0.95,41400,v2
0.00011,0.97,41400,v2
0.00011,0.995,41400,v2
0.00011,0.999,41400,v2
0.000011,0.95,41400,v2
0.000011,0.97,41400,v2
0.000011,0.995,41400,v2
0.000011,0.999,41400,v2
