LR,batch_size,gamma,runtime
0.0001,64,0.95,41400
0.00001,64,0.95,41400
0.0001,128,0.95,41400
0.00001,128,0.95,41400
0.0001,64,0.995,41400
0.00001,64,0.995,41400
0.0001,128,0.995,41400
0.00001,128,0.995,41400
