LR,gamma,runtime
0.0001,0.95,41400
0.0001,0.97,41400
0.0001,0.995,41400
0.0001,0.999,41400
0.00001,0.95,41400
0.00001,0.97,41400
0.00001,0.995,41400
0.00001,0.999,41400
