x,y,z,policyname,LR,gamma,batch_size,runtime,turnspc,trialv,ncpu
20,20,6,MlpPolicy,0.001,0.995,N/A,32400,0.1,RG10,1
20,20,6,MlpPolicy,0.0001,0.995,N/A,32400,0.1,RG10,1
20,20,6,MlpPolicy,0.00001,1.995,N/A,32400,0.1,RG10,2
20,20,6,MlpPolicy,0.001,0.995,N/A,32400,0.05,RG05,1
20,20,6,MlpPolicy,0.0001,0.995,N/A,32400,0.05,RG05,1
20,20,6,MlpPolicy,0.00001,0.995,N/A,32400,0.05,RG05,1
20,20,6,MlpPolicy,0.001,0.995,N/A,32400,0.2,RG05,1
20,20,6,MlpPolicy,0.0001,0.995,N/A,32400,0.2,RG05,1
20,20,6,MlpPolicy,0.00001,0.995,N/A,32400,0.2,RG05,1
